<?xml version="1.0" encoding="utf-8" standalone="yes"?>
<rss version="2.0" xmlns:atom="http://www.w3.org/2005/Atom">
  <channel>
    <title>Espuma-Ceramica-Sics on Clovereny - Materiales Cerámicos y Filtros Industriales</title>
    <link>https://clovereny.es/espuma-ceramica-sic/</link>
    <description>Recent content in Espuma-Ceramica-Sics on Clovereny - Materiales Cerámicos y Filtros Industriales</description>
    <generator>Hugo</generator>
    <language>es-ES</language>
    <atom:link href="https://clovereny.es/espuma-ceramica-sic/index.xml" rel="self" type="application/rss+xml" />
    <item>
      <title>Filtros de Espuma Cerámica SiC - Tecnología Avanzada de Filtración</title>
      <link>https://clovereny.es/espuma-ceramica-sic/page-2/</link>
      <pubDate>Mon, 01 Jan 0001 00:00:00 +0000</pubDate>
      <guid>https://clovereny.es/espuma-ceramica-sic/page-2/</guid>
      <description>&lt;h1 id=&#34;filtros-de-espuma-cerámica-de-carburo-de-silicio-sic&#34;&gt;Filtros de Espuma Cerámica de Carburo de Silicio (SiC)&lt;/h1&gt;&#xA;&lt;p&gt;Los &lt;strong&gt;filtros de espuma cerámica de carburo de silicio (SiC)&lt;/strong&gt; representan la vanguardia en tecnología de filtración para aplicaciones de alta temperatura. En Clovereny, hemos perfeccionado la fabricación de estos componentes críticos para satisfacer las demandas más exigentes de la industria metalúrgica y de fundición.&lt;/p&gt;&#xA;&lt;h2 id=&#34;características-técnicas-superiores&#34;&gt;Características Técnicas Superiores&lt;/h2&gt;&#xA;&lt;h3 id=&#34;propiedades-del-carburo-de-silicio&#34;&gt;Propiedades del Carburo de Silicio&lt;/h3&gt;&#xA;&lt;p&gt;El carburo de silicio es reconocido mundialmente por sus propiedades excepcionales que lo convierten en el material ideal para aplicaciones de filtración extrema:&lt;/p&gt;</description>
    </item>
  </channel>
</rss>
