<?xml version="1.0" encoding="utf-8" standalone="yes"?>
<rss version="2.0" xmlns:atom="http://www.w3.org/2005/Atom">
  <channel>
    <title>Blogs on Clovereny - Materiales Cerámicos y Filtros Industriales</title>
    <link>https://clovereny.es/blog/</link>
    <description>Recent content in Blogs on Clovereny - Materiales Cerámicos y Filtros Industriales</description>
    <generator>Hugo</generator>
    <language>es-ES</language>
    <atom:link href="https://clovereny.es/blog/index.xml" rel="self" type="application/rss+xml" />
    <item>
      <title>Análisis Técnico de Válvulas IFR3 - Innovación en Control de Fluidos 2025</title>
      <link>https://clovereny.es/blog/valvulas-ifr3-control-fluidos-industriales/</link>
      <pubDate>Mon, 01 Jan 0001 00:00:00 +0000</pubDate>
      <guid>https://clovereny.es/blog/valvulas-ifr3-control-fluidos-industriales/</guid>
      <description>&lt;h1 id=&#34;válvulas-ifr3-revolución-en-control-de-fluidos-industriales&#34;&gt;Válvulas IFR3: Revolución en Control de Fluidos Industriales&lt;/h1&gt;&#xA;&lt;p&gt;La tecnología de &lt;strong&gt;válvulas IFR3&lt;/strong&gt; representa un avance significativo en el control preciso de fluidos industriales, combinando innovación en materiales, diseño aerodinámico y sistemas de control inteligente. En esta análisis técnico exploramos las características distintivas que posicionan estas válvulas como solución líder para aplicaciones críticas en múltiples sectores industriales.&lt;/p&gt;&#xA;&lt;h2 id=&#34;tecnología-y-características-técnicas-avanzadas&#34;&gt;Tecnología y Características Técnicas Avanzadas&lt;/h2&gt;&#xA;&lt;h3 id=&#34;diseño-aerodinámico-optimizado&#34;&gt;Diseño Aerodinámico Optimizado&lt;/h3&gt;&#xA;&lt;p&gt;Las &lt;strong&gt;válvulas IFR3&lt;/strong&gt; incorporan un diseño revolucionario que minimiza las pérdidas de presión mientras maximiza la precisión del control de flujo:&lt;/p&gt;</description>
    </item>
    <item>
      <title>ARCI Extreme Life LED Bollard: Iluminación Industrial de Ultra-Duración 2025</title>
      <link>https://clovereny.es/blog/5-ji-new-updated-arci-extreme-life-led-bollard-light-ein-presswire/</link>
      <pubDate>Mon, 01 Jan 0001 00:00:00 +0000</pubDate>
      <guid>https://clovereny.es/blog/5-ji-new-updated-arci-extreme-life-led-bollard-light-ein-presswire/</guid>
      <description>&lt;h1 id=&#34;arci-extreme-life-led-bollard-revolución-en-iluminación-industrial-duradera&#34;&gt;ARCI Extreme Life LED Bollard: Revolución en Iluminación Industrial Duradera&lt;/h1&gt;&#xA;&lt;p&gt;La &lt;strong&gt;tecnología ARCI Extreme Life LED Bollard&lt;/strong&gt; establece nuevos paradigmas en iluminación industrial exterior, combinando durabilidad extrema, eficiencia energética superior y sistemas inteligentes de control que garantizan operación continua durante décadas en entornos industriales hostiles, redefiniendo los estándares de vida útil y performance en soluciones de iluminación crítica.&lt;/p&gt;&#xA;&lt;h2 id=&#34;tecnología-led-de-ultra-duración&#34;&gt;Tecnología LED de Ultra-Duración&lt;/h2&gt;&#xA;&lt;h3 id=&#34;sistemas-led-extreme-life&#34;&gt;Sistemas LED Extreme Life&lt;/h3&gt;&#xA;&lt;p&gt;Los &lt;strong&gt;LED arrays ARCI&lt;/strong&gt; implementan longevidad excepcional:&lt;/p&gt;</description>
    </item>
    <item>
      <title>Blog Técnico - Innovaciones en Materiales Cerámicos Refractarios 2025</title>
      <link>https://clovereny.es/blog/page-24/</link>
      <pubDate>Mon, 01 Jan 0001 00:00:00 +0000</pubDate>
      <guid>https://clovereny.es/blog/page-24/</guid>
      <description>&lt;h1 id=&#34;innovaciones-en-materiales-cerámicos-refractarios-2025&#34;&gt;Innovaciones en Materiales Cerámicos Refractarios 2025&lt;/h1&gt;&#xA;&lt;p&gt;La industria de materiales cerámicos refractarios experimenta una transformación revolucionaria impulsada por avances tecnológicos, demandas ambientales más estrictas y la búsqueda constante de eficiencia en procesos industriales de alta temperatura. En este análisis técnico, exploramos las tendencias emergentes que están redefiniendo el panorama competitivo del sector.&lt;/p&gt;&#xA;&lt;h2 id=&#34;tendencias-del-mercado-global-2025&#34;&gt;Tendencias del Mercado Global 2025&lt;/h2&gt;&#xA;&lt;h3 id=&#34;materiales-cerámicos-refractarios-de-alta-temperatura&#34;&gt;Materiales Cerámicos Refractarios de Alta Temperatura&lt;/h3&gt;&#xA;&lt;p&gt;El mercado global de &lt;strong&gt;materiales cerámicos refractarios de alta temperatura&lt;/strong&gt; está experimentando un crecimiento sostenido, con proyecciones que indican una expansión significativa hasta 2028. Los factores impulsores incluyen:&lt;/p&gt;</description>
    </item>
    <item>
      <title>Campañas ECX5 Whisper Grey HK: Tecnología de Protección Avanzada 2025</title>
      <link>https://clovereny.es/blog/ecx5-whisper-and-grey-hk-campaign-x-protection-beyond-imagination/</link>
      <pubDate>Mon, 01 Jan 0001 00:00:00 +0000</pubDate>
      <guid>https://clovereny.es/blog/ecx5-whisper-and-grey-hk-campaign-x-protection-beyond-imagination/</guid>
      <description>&lt;h1 id=&#34;sistemas-ecx5-whisper-grey-revolución-en-protección-industrial-avanzada&#34;&gt;Sistemas ECX5 Whisper Grey: Revolución en Protección Industrial Avanzada&lt;/h1&gt;&#xA;&lt;p&gt;La &lt;strong&gt;tecnología ECX5 Whisper Grey&lt;/strong&gt; representa un salto cuántico en sistemas de protección industrial, combinando materiales cerámicos avanzados, algoritmos de detección inteligente y arquitecturas de seguridad multicapa que establecen nuevos estándares en protección beyond imagination. Este análisis técnico examina las innovaciones que están transformando la seguridad industrial y definiendo el futuro de la protección técnica.&lt;/p&gt;&#xA;&lt;h2 id=&#34;arquitectura-de-protección-multicapa-ecx5&#34;&gt;Arquitectura de Protección Multicapa ECX5&lt;/h2&gt;&#xA;&lt;h3 id=&#34;sistemas-de-detección-integrados&#34;&gt;Sistemas de Detección Integrados&lt;/h3&gt;&#xA;&lt;p&gt;Los &lt;strong&gt;sensores ECX5&lt;/strong&gt; implementan detección multi-espectral avanzada:&lt;/p&gt;</description>
    </item>
    <item>
      <title>Cesurbend CNC: Revolución en Tecnología de Doblado de Tubos Industriales 2025</title>
      <link>https://clovereny.es/blog/wuob-cesurbend-s-cesur-and-axis-cnc-tube-benders-can/</link>
      <pubDate>Mon, 01 Jan 0001 00:00:00 +0000</pubDate>
      <guid>https://clovereny.es/blog/wuob-cesurbend-s-cesur-and-axis-cnc-tube-benders-can/</guid>
      <description>&lt;h1 id=&#34;sistemas-cnc-cesurbend-revolución-en-doblado-de-tubos-de-precisión&#34;&gt;Sistemas CNC Cesurbend: Revolución en Doblado de Tubos de Precisión&lt;/h1&gt;&#xA;&lt;p&gt;La &lt;strong&gt;tecnología Cesurbend CNC&lt;/strong&gt; introduce innovaciones revolucionarias en doblado de tubos industriales, combinando control numérico computarizado ultra-preciso, sistemas AXIS de múltiples ejes y algoritmos adaptativos que establecen nuevos estándares en manufactura de componentes tubulares para aplicaciones aeroespaciales, automotrices y de energía donde la precisión dimensional es crítica.&lt;/p&gt;&#xA;&lt;h2 id=&#34;tecnología-cnc-multi-axis-avanzada&#34;&gt;Tecnología CNC Multi-Axis Avanzada&lt;/h2&gt;&#xA;&lt;h3 id=&#34;sistemas-de-control-axis&#34;&gt;Sistemas de Control AXIS&lt;/h3&gt;&#xA;&lt;p&gt;Los &lt;strong&gt;controladores CNC&lt;/strong&gt; implementan precisión extrema:&lt;/p&gt;</description>
    </item>
    <item>
      <title>CFMOTO 450SR 2023: Tecnología Avanzada en Motocicletas Deportivas y Aplicaciones Industriales</title>
      <link>https://clovereny.es/blog/tecnologia-cfmoto-450sr-propulsion-avanzada/</link>
      <pubDate>Mon, 01 Jan 0001 00:00:00 +0000</pubDate>
      <guid>https://clovereny.es/blog/tecnologia-cfmoto-450sr-propulsion-avanzada/</guid>
      <description>&lt;h1 id=&#34;cfmoto-450sr-2023-revolución-en-tecnología-de-propulsión-deportiva&#34;&gt;CFMOTO 450SR 2023: Revolución en Tecnología de Propulsión Deportiva&lt;/h1&gt;&#xA;&lt;p&gt;La &lt;strong&gt;tecnología CFMOTO 450SR&lt;/strong&gt; introduce innovaciones revolucionarias en sistemas de propulsión compacta, combinando eficiencia energética extrema, materiales avanzados y control electrónico inteligente que establecen nuevos paradigmas no solo en motocicletas deportivas, sino en aplicaciones industriales donde la propulsión eficiente y el control preciso son críticos.&lt;/p&gt;&#xA;&lt;h2 id=&#34;tecnología-de-motor-avanzada&#34;&gt;Tecnología de Motor Avanzada&lt;/h2&gt;&#xA;&lt;h3 id=&#34;sistema-de-propulsión-450sr&#34;&gt;Sistema de Propulsión 450SR&lt;/h3&gt;&#xA;&lt;p&gt;El &lt;strong&gt;motor 450SR&lt;/strong&gt; implementa tecnologías de vanguardia:&lt;/p&gt;&#xA;&lt;div class=&#34;feature-card&#34; data-aos=&#34;fade-up&#34;&gt;&#xD;&#xA;&lt;i class=&#34;fas fa-cog feature-icon&#34;&gt;&lt;/i&gt;&#xD;&#xA;&lt;h3&gt;Motor de Alta Eficiencia&lt;/h3&gt;&#xD;&#xA;&lt;p&gt;Sistema de propulsión con &lt;span class=&#34;ceramic-highlight&#34;&gt;450cc de desplazamiento&lt;/span&gt; que genera 51 HP con eficiencia térmica del 38%, superando estándares industriales mediante inyección directa y control electrónico avanzado.&lt;/p&gt;</description>
    </item>
    <item>
      <title>Contenedores de Almacenamiento Inteligente: Tecnología de Preservación Alimentaria 2025</title>
      <link>https://clovereny.es/blog/the-best-glass-food-storage-containers-and-reusable-snack/</link>
      <pubDate>Mon, 01 Jan 0001 00:00:00 +0000</pubDate>
      <guid>https://clovereny.es/blog/the-best-glass-food-storage-containers-and-reusable-snack/</guid>
      <description>&lt;h1 id=&#34;contenedores-inteligentes-revolución-en-tecnología-de-preservación-alimentaria&#34;&gt;Contenedores Inteligentes: Revolución en Tecnología de Preservación Alimentaria&lt;/h1&gt;&#xA;&lt;p&gt;La &lt;strong&gt;tecnología de contenedores inteligentes&lt;/strong&gt; introduce innovaciones disruptivas en preservación alimentaria, combinando materiales de vidrio avanzados, sensórica IoT integrada y sistemas de control ambiental automatizados que extienden significativamente la vida útil de alimentos, reducen desperdicios y establecen nuevos estándares en seguridad alimentaria e eficiencia logística.&lt;/p&gt;&#xA;&lt;h2 id=&#34;tecnología-de-vidrio-avanzado&#34;&gt;Tecnología de Vidrio Avanzado&lt;/h2&gt;&#xA;&lt;h3 id=&#34;materiales-de-vidrio-inteligente&#34;&gt;Materiales de Vidrio Inteligente&lt;/h3&gt;&#xA;&lt;p&gt;Los &lt;strong&gt;vidrios tecnológicos&lt;/strong&gt; implementan funcionalidades avanzadas:&lt;/p&gt;&#xA;&lt;div class=&#34;feature-card&#34; data-aos=&#34;fade-up&#34;&gt;&#xD;&#xA;&lt;i class=&#34;fas fa-cube feature-icon&#34;&gt;&lt;/i&gt;&#xD;&#xA;&lt;h3&gt;Vidrio Inteligente Multifuncional&lt;/h3&gt;&#xD;&#xA;&lt;p&gt;Tecnología de vidrio con &lt;span class=&#34;ceramic-highlight&#34;&gt;sensores integrados&lt;/span&gt; que monitorizan temperatura, humedad, composición gaseosa y contaminación bacteriana en tiempo real mediante nanotecnología embedded.&lt;/p&gt;</description>
    </item>
    <item>
      <title>Expansión Industrial Asia-Pacífico: Estrategias de Crecimiento en Vietnam 2025</title>
      <link>https://clovereny.es/blog/us1u-scoular-expands-its-asia-pacific-footprint-to-vietnam/</link>
      <pubDate>Mon, 01 Jan 0001 00:00:00 +0000</pubDate>
      <guid>https://clovereny.es/blog/us1u-scoular-expands-its-asia-pacific-footprint-to-vietnam/</guid>
      <description>&lt;h1 id=&#34;expansión-industrial-asia-pacífico-revolución-en-mercados-emergentes-vietnamitas&#34;&gt;Expansión Industrial Asia-Pacífico: Revolución en Mercados Emergentes Vietnamitas&lt;/h1&gt;&#xA;&lt;p&gt;La &lt;strong&gt;expansión industrial en Asia-Pacífico&lt;/strong&gt; representa una transformación paradigmática en distribución global de manufactura, con Vietnam emergiendo como hub tecnológico crucial que combina workforce altamente calificado, infraestructura avanzada y políticas gubernamentales progresivas que redefinen las cadenas de suministro globales y establecen nuevos centros de excellence en manufactura de alta tecnología.&lt;/p&gt;&#xA;&lt;h2 id=&#34;mercado-vietnamita-hub-tecnológico-emergente&#34;&gt;Mercado Vietnamita: Hub Tecnológico Emergente&lt;/h2&gt;&#xA;&lt;h3 id=&#34;infraestructura-industrial-avanzada&#34;&gt;Infraestructura Industrial Avanzada&lt;/h3&gt;&#xA;&lt;p&gt;El &lt;strong&gt;ecosistema industrial vietnamita&lt;/strong&gt; implementa tecnologías de última generación:&lt;/p&gt;</description>
    </item>
    <item>
      <title>Guía Técnica de Equipamiento para Viajeros Profesionales 2025 - Innovaciones Tecnológicas</title>
      <link>https://clovereny.es/blog/equipamiento-tecnico-viajeros-profesionales/</link>
      <pubDate>Mon, 01 Jan 0001 00:00:00 +0000</pubDate>
      <guid>https://clovereny.es/blog/equipamiento-tecnico-viajeros-profesionales/</guid>
      <description>&lt;h1 id=&#34;equipamiento-técnico-avanzado-para-viajeros-profesionales-2025&#34;&gt;Equipamiento Técnico Avanzado para Viajeros Profesionales 2025&lt;/h1&gt;&#xA;&lt;p&gt;La evolución tecnológica ha transformado radicalmente el equipamiento para &lt;strong&gt;viajeros profesionales&lt;/strong&gt;, integrando materiales avanzados, electrónica de consumo ultra-eficiente y sistemas inteligentes que optimizan la movilidad global. Este análisis técnico explora las innovaciones más significativas que están redefiniendo los estándares de equipamiento para profesionales en constante movimiento.&lt;/p&gt;&#xA;&lt;h2 id=&#34;revolución-en-materiales-ultraligeros-para-equipaje&#34;&gt;Revolución en Materiales Ultraligeros para Equipaje&lt;/h2&gt;&#xA;&lt;h3 id=&#34;fibras-de-carbono-de-nueva-generación&#34;&gt;Fibras de Carbono de Nueva Generación&lt;/h3&gt;&#xA;&lt;p&gt;Los &lt;strong&gt;materiales compuestos avanzados&lt;/strong&gt; están revolucionando la industria del equipaje profesional con propiedades excepcionales:&lt;/p&gt;</description>
    </item>
    <item>
      <title>Innovaciones en Ciencias de la Vida - Tecnologías Disruptivas en Biotecnología 2025</title>
      <link>https://clovereny.es/blog/astec-lifesciences-hits-record-high-amid-weak-market-shares/</link>
      <pubDate>Mon, 01 Jan 0001 00:00:00 +0000</pubDate>
      <guid>https://clovereny.es/blog/astec-lifesciences-hits-record-high-amid-weak-market-shares/</guid>
      <description>&lt;h1 id=&#34;biotecnología-avanzada-revolución-en-ciencias-de-la-vida-2025&#34;&gt;Biotecnología Avanzada: Revolución en Ciencias de la Vida 2025&lt;/h1&gt;&#xA;&lt;p&gt;La industria de &lt;strong&gt;ciencias de la vida&lt;/strong&gt; experimenta una transformación sin precedentes impulsada por avances en biología molecular, inteligencia artificial aplicada y tecnologías de manufactura biotecnológica. Este análisis técnico examina las innovaciones disruptivas que están redefiniendo el panorama terapéutico y estableciendo nuevos paradigmas en el desarrollo de medicamentos y tratamientos personalizados.&lt;/p&gt;&#xA;&lt;h2 id=&#34;terapias-génicas-de-nueva-generación&#34;&gt;Terapias Génicas de Nueva Generación&lt;/h2&gt;&#xA;&lt;h3 id=&#34;sistemas-de-edición-genética-crispr-avanzados&#34;&gt;Sistemas de Edición Genética CRISPR Avanzados&lt;/h3&gt;&#xA;&lt;p&gt;Las &lt;strong&gt;tecnologías de edición genética&lt;/strong&gt; han evolucionado más allá de CRISPR-Cas9 tradicional hacia sistemas de precisión molecular:&lt;/p&gt;</description>
    </item>
    <item>
      <title>Optimización de Sistemas CO2 - Tecnologías de Gestión de Gases Industriales 2025</title>
      <link>https://clovereny.es/blog/pnts-the-co-shortage-tips-for-efficiently-using-co-in/</link>
      <pubDate>Mon, 01 Jan 0001 00:00:00 +0000</pubDate>
      <guid>https://clovereny.es/blog/pnts-the-co-shortage-tips-for-efficiently-using-co-in/</guid>
      <description>&lt;h1 id=&#34;gestión-avanzada-de-co2-tecnologías-para-eficiencia-industrial-sostenible&#34;&gt;Gestión Avanzada de CO2: Tecnologías para Eficiencia Industrial Sostenible&lt;/h1&gt;&#xA;&lt;p&gt;La &lt;strong&gt;gestión eficiente de CO2&lt;/strong&gt; se ha convertido en un imperativo tecnológico y ambiental para la industria moderna, impulsando el desarrollo de sistemas avanzados de captura, utilización y almacenamiento que transforman este gas de efecto invernadero en un recurso valioso. Este análisis técnico examina las innovaciones que están revolucionando la gestión industrial de CO2 y estableciendo nuevos paradigmas de sostenibilidad.&lt;/p&gt;&#xA;&lt;h2 id=&#34;tecnologías-de-captura-de-co2-avanzadas&#34;&gt;Tecnologías de Captura de CO2 Avanzadas&lt;/h2&gt;&#xA;&lt;h3 id=&#34;sistemas-de-absorción-química-de-nueva-generación&#34;&gt;Sistemas de Absorción Química de Nueva Generación&lt;/h3&gt;&#xA;&lt;p&gt;Los &lt;strong&gt;solventes avanzados&lt;/strong&gt; han revolucionado la eficiencia de captura de CO2:&lt;/p&gt;</description>
    </item>
    <item>
      <title>Sistemas Anti-Bot Bloomberg: Detección Avanzada de Automatización y Protección Digital 2025</title>
      <link>https://clovereny.es/blog/sistemas-anti-bot-bloomberg-proteccion-digital/</link>
      <pubDate>Mon, 01 Jan 0001 00:00:00 +0000</pubDate>
      <guid>https://clovereny.es/blog/sistemas-anti-bot-bloomberg-proteccion-digital/</guid>
      <description>&lt;h1 id=&#34;bloomberg-anti-bot-revolución-en-detección-de-automatización-y-protección-digital&#34;&gt;Bloomberg Anti-Bot: Revolución en Detección de Automatización y Protección Digital&lt;/h1&gt;&#xA;&lt;p&gt;La &lt;strong&gt;tecnología Bloomberg Anti-Bot&lt;/strong&gt; introduce sistemas sofisticados de detección y prevención de automatización maliciosa, combinando machine learning avanzado, análisis comportamental en tiempo real y técnicas de verificación adaptativas que establecen nuevos estándares en protección contra bots sofisticados y preservación de integridad de servicios digitales críticos.&lt;/p&gt;&#xA;&lt;h2 id=&#34;arquitectura-de-detección-anti-bot&#34;&gt;Arquitectura de Detección Anti-Bot&lt;/h2&gt;&#xA;&lt;h3 id=&#34;sistemas-de-análisis-comportamental&#34;&gt;Sistemas de Análisis Comportamental&lt;/h3&gt;&#xA;&lt;p&gt;Los &lt;strong&gt;algoritmos Bloomberg&lt;/strong&gt; identifican patterns humanos vs automatizados:&lt;/p&gt;</description>
    </item>
    <item>
      <title>Sistemas Avanzados de Cercado DR3N - Innovación en Seguridad Perimetral 2025</title>
      <link>https://clovereny.es/blog/dr3n-best-chain-link-fence-panels-2022-/</link>
      <pubDate>Mon, 01 Jan 0001 00:00:00 +0000</pubDate>
      <guid>https://clovereny.es/blog/dr3n-best-chain-link-fence-panels-2022-/</guid>
      <description>&lt;h1 id=&#34;tecnología-dr3n-revolución-en-sistemas-de-seguridad-perimetral&#34;&gt;Tecnología DR3N: Revolución en Sistemas de Seguridad Perimetral&lt;/h1&gt;&#xA;&lt;p&gt;Los &lt;strong&gt;sistemas de cercado DR3N&lt;/strong&gt; representan la evolución más avanzada en seguridad perimetral, integrando materiales de alta resistencia, sensórica inteligente y algoritmos de detección que establecen nuevos estándares en protección de infraestructuras críticas, combinando durabilidad excepcional con capacidades de monitoreo en tiempo real para crear soluciones de seguridad verdaderamente inteligentes.&lt;/p&gt;&#xA;&lt;h2 id=&#34;tecnología-de-materiales-avanzados&#34;&gt;Tecnología de Materiales Avanzados&lt;/h2&gt;&#xA;&lt;h3 id=&#34;estructura-base-dr3n&#34;&gt;Estructura Base DR3N&lt;/h3&gt;&#xA;&lt;p&gt;La &lt;strong&gt;estructura base DR3N&lt;/strong&gt; incorpora una matriz polimérica de ultra-alto peso molecular (UHMWPE) reforzada con fibras de carbono multidireccionales. Esta combinación proporciona una resistencia a la tracción superior a 3,500 MPa, manteniendo flexibilidad estructural que permite absorber impactos sin comprometer la integridad del sistema, estableciendo nuevos paradigmas en materiales de seguridad perimetral.&lt;/p&gt;</description>
    </item>
    <item>
      <title>Soluciones IoT de Seguridad Industrial de Próxima Generación 2025</title>
      <link>https://clovereny.es/blog/3luM-top-industrial-iot-security-solutions-/</link>
      <pubDate>Mon, 01 Jan 0001 00:00:00 +0000</pubDate>
      <guid>https://clovereny.es/blog/3luM-top-industrial-iot-security-solutions-/</guid>
      <description>&lt;h1 id=&#34;seguridad-iot-industrial-revolución-en-protección-de-sistemas-conectados&#34;&gt;Seguridad IoT Industrial: Revolución en Protección de Sistemas Conectados&lt;/h1&gt;&#xA;&lt;p&gt;Las &lt;strong&gt;soluciones de seguridad IoT industrial&lt;/strong&gt; introducen paradigmas disruptivos en protección de infraestructura crítica, combinando arquitecturas de seguridad distribuida, machine learning adaptativo y sistemas de respuesta automática que establecen nuevos estándares en protección de ecosistemas industriales conectados, salvaguardando operaciones críticas contra amenazas cyber-físicas sofisticadas.&lt;/p&gt;&#xA;&lt;h2 id=&#34;arquitectura-de-seguridad-distribuida&#34;&gt;Arquitectura de Seguridad Distribuida&lt;/h2&gt;&#xA;&lt;h3 id=&#34;zero-trust-framework-industrial&#34;&gt;Zero Trust Framework Industrial&lt;/h3&gt;&#xA;&lt;p&gt;Los &lt;strong&gt;sistemas Zero Trust&lt;/strong&gt; implementan security by design:&lt;/p&gt;&#xA;&lt;div class=&#34;feature-card&#34; data-aos=&#34;fade-up&#34;&gt;&#xD;&#xA;&lt;i class=&#34;fas fa-shield-alt feature-icon&#34;&gt;&lt;/i&gt;&#xD;&#xA;&lt;h3&gt;Zero Trust IoT Security&lt;/h3&gt;&#xD;&#xA;&lt;p&gt;Arquitectura Zero Trust con &lt;span class=&#34;ceramic-highlight&#34;&gt;microsegmentación&lt;/span&gt; que verifica cada device, user y transaction mediante continuous authentication y behavioral analysis.&lt;/p&gt;</description>
    </item>
    <item>
      <title>Tecnología AMD Radeon RX XTX: Overclocking Extremo y Aplicaciones Industriales 2025</title>
      <link>https://clovereny.es/blog/08oy-custom-amd-radeon-rx-xtx-can-hit-ghz-clock/</link>
      <pubDate>Mon, 01 Jan 0001 00:00:00 +0000</pubDate>
      <guid>https://clovereny.es/blog/08oy-custom-amd-radeon-rx-xtx-can-hit-ghz-clock/</guid>
      <description>&lt;h1 id=&#34;amd-radeon-rx-xtx-revolución-en-computing-de-alto-performance-industrial&#34;&gt;AMD Radeon RX XTX: Revolución en Computing de Alto Performance Industrial&lt;/h1&gt;&#xA;&lt;p&gt;La &lt;strong&gt;tecnología AMD Radeon RX XTX&lt;/strong&gt; introduce capacidades revolucionarias de parallel computing, combinando arquitectura RDNA 3 avanzada, overclocking extremo y cooling solutions sofisticadas que establecen nuevos paradigmas en aceleración GPU para aplicaciones industriales críticas, simulaciones científicas y workloads de machine learning que demandan performance computing excepcional.&lt;/p&gt;&#xA;&lt;h2 id=&#34;arquitectura-rdna-3-avanzada&#34;&gt;Arquitectura RDNA 3 Avanzada&lt;/h2&gt;&#xA;&lt;h3 id=&#34;chiplet-design-revolucionario&#34;&gt;Chiplet Design Revolucionario&lt;/h3&gt;&#xA;&lt;p&gt;La &lt;strong&gt;arquitectura chiplet&lt;/strong&gt; implementa efficiency sin precedentes:&lt;/p&gt;</description>
    </item>
    <item>
      <title>Tecnología Avanzada en Cuidado Capilar: Innovaciones Industriales y Formulaciones 2025</title>
      <link>https://clovereny.es/blog/tecnologia-cuidado-capilar-avanzado-2025/</link>
      <pubDate>Mon, 01 Jan 0001 00:00:00 +0000</pubDate>
      <guid>https://clovereny.es/blog/tecnologia-cuidado-capilar-avanzado-2025/</guid>
      <description>&lt;h1 id=&#34;tecnología-capilar-avanzada-revolución-en-formulaciones-y-delivery-systems&#34;&gt;Tecnología Capilar Avanzada: Revolución en Formulaciones y Delivery Systems&lt;/h1&gt;&#xA;&lt;p&gt;Las &lt;strong&gt;tecnologías de cuidado capilar&lt;/strong&gt; introducen innovaciones disruptivas en química cosmética, combinando nanotecnología avanzada, sistemas de delivery molecular dirigido y formulaciones bioactivas que establecen nuevos paradigmas en tratamiento capilar, reparación estructural y mantenimiento de salud capilar mediante enfoques científicos precision-oriented que transforman la industria cosmética.&lt;/p&gt;&#xA;&lt;h2 id=&#34;ciencia-molecular-del-cabello&#34;&gt;Ciencia Molecular del Cabello&lt;/h2&gt;&#xA;&lt;h3 id=&#34;estructura-molecular-avanzada&#34;&gt;Estructura Molecular Avanzada&lt;/h3&gt;&#xA;&lt;p&gt;La &lt;strong&gt;química capilar&lt;/strong&gt; revela complejidades estructurales fundamentales:&lt;/p&gt;&#xA;&lt;div class=&#34;feature-card&#34; data-aos=&#34;fade-up&#34;&gt;&#xD;&#xA;&lt;i class=&#34;fas fa-dna feature-icon&#34;&gt;&lt;/i&gt;&#xD;&#xA;&lt;h3&gt;Estructura Molecular del Cabello&lt;/h3&gt;&#xD;&#xA;&lt;p&gt;Análisis molecular revela &lt;span class=&#34;ceramic-highlight&#34;&gt;18 aminoácidos&lt;/span&gt; estructurales clave y 95% composición de queratina que require formulaciones específicas para optimization y repair.&lt;/p&gt;</description>
    </item>
    <item>
      <title>Tecnología de Reciclaje Industrial: Por Qué Los Materiales No Siempre Se Reciclan 2025</title>
      <link>https://clovereny.es/blog/w--f-why-your-recycling-doesnt-always-get-recycled/</link>
      <pubDate>Mon, 01 Jan 0001 00:00:00 +0000</pubDate>
      <guid>https://clovereny.es/blog/w--f-why-your-recycling-doesnt-always-get-recycled/</guid>
      <description>&lt;h1 id=&#34;reciclaje-industrial-desafíos-tecnológicos-y-soluciones-avanzadas&#34;&gt;Reciclaje Industrial: Desafíos Tecnológicos y Soluciones Avanzadas&lt;/h1&gt;&#xA;&lt;p&gt;La &lt;strong&gt;tecnología de reciclaje industrial&lt;/strong&gt; enfrenta limitaciones técnicas significativas que impiden que los materiales se reciclen efectivamente, requiriendo innovaciones en separación molecular, identificación automatizada y reprocesamiento avanzado para crear verdaderos sistemas de economía circular que maximicen la recuperación de recursos y minimicen el desperdicio industrial.&lt;/p&gt;&#xA;&lt;h2 id=&#34;limitaciones-de-los-sistemas-de-reciclaje-actuales&#34;&gt;Limitaciones de los Sistemas de Reciclaje Actuales&lt;/h2&gt;&#xA;&lt;h3 id=&#34;desafíos-de-separación-de-materiales&#34;&gt;Desafíos de Separación de Materiales&lt;/h3&gt;&#xA;&lt;p&gt;Los &lt;strong&gt;procesos de clasificación&lt;/strong&gt; enfrentan complejidades técnicas:&lt;/p&gt;</description>
    </item>
    <item>
      <title>Tecnología StackPath: Infraestructura CDN Avanzada y Edge Computing 2025</title>
      <link>https://clovereny.es/blog/-fvb-stackpath/</link>
      <pubDate>Mon, 01 Jan 0001 00:00:00 +0000</pubDate>
      <guid>https://clovereny.es/blog/-fvb-stackpath/</guid>
      <description>&lt;h1 id=&#34;stackpath-revolución-en-edge-computing-y-distribución-global-de-contenido&#34;&gt;StackPath: Revolución en Edge Computing y Distribución Global de Contenido&lt;/h1&gt;&#xA;&lt;p&gt;La &lt;strong&gt;tecnología StackPath&lt;/strong&gt; introduce innovaciones disruptivas en infraestructura de edge computing, combinando redes de distribución de contenido ultra-rápidas, procesamiento distribuido inteligente y sistemas de optimización automática que redefinen los estándares de performance y latencia para aplicaciones industriales críticas y servicios globales de alta disponibilidad.&lt;/p&gt;&#xA;&lt;h2 id=&#34;arquitectura-de-edge-computing-distribuida&#34;&gt;Arquitectura de Edge Computing Distribuida&lt;/h2&gt;&#xA;&lt;h3 id=&#34;red-global-de-edge-nodes&#34;&gt;Red Global de Edge Nodes&lt;/h3&gt;&#xA;&lt;p&gt;Los &lt;strong&gt;nodos distribuidos StackPath&lt;/strong&gt; implementan processing ultra-cercano:&lt;/p&gt;</description>
    </item>
    <item>
      <title>Tecnologías Avanzadas de Inspección Alimentaria - Sistemas de Control de Calidad 2025</title>
      <link>https://clovereny.es/blog/inspeccion-sistemas-alimentarios-avanzados/</link>
      <pubDate>Mon, 01 Jan 0001 00:00:00 +0000</pubDate>
      <guid>https://clovereny.es/blog/inspeccion-sistemas-alimentarios-avanzados/</guid>
      <description>&lt;h1 id=&#34;sistemas-avanzados-de-inspección-alimentaria-tecnología-para-seguridad-total&#34;&gt;Sistemas Avanzados de Inspección Alimentaria: Tecnología para Seguridad Total&lt;/h1&gt;&#xA;&lt;p&gt;La &lt;strong&gt;industria alimentaria moderna&lt;/strong&gt; ha adoptado tecnologías revolucionarias para garantizar la seguridad y calidad de los alimentos, integrando sensórica avanzada, inteligencia artificial y sistemas de trazabilidad blockchain que establecen nuevos estándares de control de calidad. Este análisis técnico examina las innovaciones que están transformando la inspección alimentaria y la prevención de riesgos microbiológicos.&lt;/p&gt;&#xA;&lt;h2 id=&#34;tecnologías-de-detección-de-contaminantes&#34;&gt;Tecnologías de Detección de Contaminantes&lt;/h2&gt;&#xA;&lt;h3 id=&#34;espectroscopía-de-precisión-molecular&#34;&gt;Espectroscopía de Precisión Molecular&lt;/h3&gt;&#xA;&lt;p&gt;Los &lt;strong&gt;sistemas espectroscópicos avanzados&lt;/strong&gt; permiten análisis no destructivo en tiempo real:&lt;/p&gt;</description>
    </item>
    <item>
      <title>Tecnologías de Iluminación LED Avanzada - Sistemas de Espectáculos Lumínicos 2025</title>
      <link>https://clovereny.es/blog/sistemas-led-espectaculos-luminicos-profesionales/</link>
      <pubDate>Mon, 01 Jan 0001 00:00:00 +0000</pubDate>
      <guid>https://clovereny.es/blog/sistemas-led-espectaculos-luminicos-profesionales/</guid>
      <description>&lt;h1 id=&#34;sistemas-led-avanzados-revolución-en-espectáculos-lumínicos-profesionales&#34;&gt;Sistemas LED Avanzados: Revolución en Espectáculos Lumínicos Profesionales&lt;/h1&gt;&#xA;&lt;p&gt;La &lt;strong&gt;tecnología LED profesional&lt;/strong&gt; ha alcanzado niveles de sofisticación que permiten crear experiencias lumínicas inmersivas, integrando control digital preciso, eficiencia energética extrema y capacidades interactivas que transforman espacios arquitectónicos en canvas dinámicos. Este análisis técnico examina las innovaciones que están redefiniendo la iluminación de espectáculos y estableciendo nuevos estándares en diseño lumínico.&lt;/p&gt;&#xA;&lt;h2 id=&#34;tecnología-led-de-ultra-alta-definición&#34;&gt;Tecnología LED de Ultra-Alta Definición&lt;/h2&gt;&#xA;&lt;h3 id=&#34;chips-led-de-próxima-generación&#34;&gt;Chips LED de Próxima Generación&lt;/h3&gt;&#xA;&lt;p&gt;Los &lt;strong&gt;LEDs de última tecnología&lt;/strong&gt; ofrecen rendimiento sin precedentes:&lt;/p&gt;</description>
    </item>
    <item>
      <title>Tecnologías de Ingeniería Avanzada - Innovaciones Disruptivas en Diseño Industrial 2025</title>
      <link>https://clovereny.es/blog/page-70/</link>
      <pubDate>Mon, 01 Jan 0001 00:00:00 +0000</pubDate>
      <guid>https://clovereny.es/blog/page-70/</guid>
      <description>&lt;h1 id=&#34;ingeniería-del-futuro-convergencia-de-tecnologías-disruptivas&#34;&gt;Ingeniería del Futuro: Convergencia de Tecnologías Disruptivas&lt;/h1&gt;&#xA;&lt;p&gt;La &lt;strong&gt;ingeniería moderna&lt;/strong&gt; experimenta una transformación radical impulsada por la convergencia de inteligencia artificial, manufactura aditiva, materiales programables y sistemas ciber-físicos que están redefiniendo fundamentalmente los paradigmas de diseño, producción y optimización. Este análisis comprensivo examina las tecnologías que están moldeando el futuro de la ingeniería industrial.&lt;/p&gt;&#xA;&lt;h2 id=&#34;diseño-computacional-y-optimización-topológica&#34;&gt;Diseño Computacional y Optimización Topológica&lt;/h2&gt;&#xA;&lt;h3 id=&#34;algoritmos-generativos-avanzados&#34;&gt;Algoritmos Generativos Avanzados&lt;/h3&gt;&#xA;&lt;p&gt;Los &lt;strong&gt;sistemas de diseño generativo&lt;/strong&gt; crean soluciones optimizadas automáticamente:&lt;/p&gt;</description>
    </item>
    <item>
      <title>Tecnologías de Tuberías Submarinas - Sistemas de Reparación y Mantenimiento Avanzado 2025</title>
      <link>https://clovereny.es/blog/frequent-breaks-in-undersea-pipelines-mean-fixes-are-possible/</link>
      <pubDate>Mon, 01 Jan 0001 00:00:00 +0000</pubDate>
      <guid>https://clovereny.es/blog/frequent-breaks-in-undersea-pipelines-mean-fixes-are-possible/</guid>
      <description>&lt;h1 id=&#34;infraestructura-submarina-revolución-en-mantenimiento-de-tuberías-oceánicas&#34;&gt;Infraestructura Submarina: Revolución en Mantenimiento de Tuberías Oceánicas&lt;/h1&gt;&#xA;&lt;p&gt;Las &lt;strong&gt;tuberías submarinas&lt;/strong&gt; constituyen la columna vertebral del transporte energético global, requiriendo tecnologías avanzadas de monitoreo, detección de fallas y reparación que operan en los entornos más desafiantes del planeta. Este análisis técnico examina las innovaciones que están transformando el mantenimiento de infraestructura submarina y garantizando la integridad de estos sistemas críticos.&lt;/p&gt;&#xA;&lt;h2 id=&#34;sistemas-de-detección-de-fallas-avanzados&#34;&gt;Sistemas de Detección de Fallas Avanzados&lt;/h2&gt;&#xA;&lt;h3 id=&#34;monitoreo-por-fibra-óptica-distribuida&#34;&gt;Monitoreo por Fibra Óptica Distribuida&lt;/h3&gt;&#xA;&lt;p&gt;Las &lt;strong&gt;tecnologías de sensing distribuido&lt;/strong&gt; revolucionan la detección de anomalías:&lt;/p&gt;</description>
    </item>
  </channel>
</rss>
