<?xml version="1.0" encoding="utf-8" standalone="yes"?>
<rss version="2.0" xmlns:atom="http://www.w3.org/2005/Atom">
  <channel>
    <title>Tags on Clovereny - Materiales Cerámicos y Filtros Industriales</title>
    <link>https://clovereny.es/tags/</link>
    <description>Recent content in Tags on Clovereny - Materiales Cerámicos y Filtros Industriales</description>
    <generator>Hugo</generator>
    <language>es-ES</language>
    <atom:link href="https://clovereny.es/tags/index.xml" rel="self" type="application/rss+xml" />
  </channel>
</rss>
